Title,Description,Category,Type,Creator(s),Collection,Related Resource,URL,Logo,Featured Image
R for Data Science,"Considered the ""bible"" of the tidyverse approach, this book has chapters on all of the fundamental skills you need to work with R.
",,Learning Resource,"Hadley Wickham,Garrett Grolmund",,,https://r4ds.had.co.nz/,,
What is a tidyverse-centric approach?,"This blog post lays out what a tidyverse-centric approach to R is, and why you might consider using it in your own code.",,Learning Resource,David Keyes,,tidyverse,https://rfortherestofus.com/2019/06/what-is-a-tidyverse-centric-approach/,,
tidyverse,"The tidyverse is a collection of packages, all designed to work together. It is also an approach to coding that tends to be friendly to newcomers (but is powerful and used by experienced folks as well!).
",,Package,,,What is a tidyverse-centric approach?,https://www.tidyverse.org/,https://tidyverse.tidyverse.org/articles/tidyverse-logo.png,
A Twitter bot with {rtweet} and GitHub Actions,"This blog post walks through the process of creating a Twitter bot that posts satellite images of London using the rtweet package and GitHub Actions.

",Automation,Learning Resource,Matt Dray,,rtweet,https://www.rostrum.blog/2020/09/21/londonmapbot/,,
covdata,covdata is a data package for R that collects and bundles datasets related to the COVID-19 pandemic from a variety of sources.,Data,Package,Kieran Healy,,,https://kjhealy.github.io/covdata/,https://kjhealy.github.io/covdata/reference/figures/hex-covdata.png,
tidykids,"The not-for-profit organization the <a href=""https://www.urban.org/"">Urban Institute</a> created an incredible dataset on State-by-State Spending on Kids that is available <a href=""https://datacatalog.urban.org/dataset/state-state-spending-kids-dataset"">here</a>. This data package provides this dataset through R. It is formatted as <a href=""https://vita.had.co.nz/papers/tidy-data.pdf"">tidy data</a> to facilitate analysis within the <a href=""https://www.tidyverse.org/"">tidyverse</a> suite of R packages.",Data,Package,Joshua Rosenberg,,,https://jrosen48.github.io/tidykids/,,
Data Cleaning Flipbook,"This flipbook walks through several examples of messy data and shows how to clean them with R.
","Data Cleaning,Tidy Data",Learning Resource,Gina Reynolds,,,https://evamaerey.github.io/little_flipbooks_library/data_cleaning/data_cleaning#1,,
A Scientist's Guide to R: Step 1. Getting Data into R,"This article will teach you how to install packages that you can use to import CSV, Excel spreadsheets, and other data into R.",Data Import,Learning Resource,Craig Hutton,,"readr,readxl,haven,jsonlite,rvest",https://craig.rbind.io/post/2019-06-22-asgr-1-getting-data-into-r/,,
Importing Multiple Files Quickly and Efficiently,"This blog post shows how to import multiple CSV files with a few lines of code using several different packages.
",Data Import,Learning Resource,Kyle Cuilla,,"data.table,purrr,readr,vroom",https://kcuilla.netlify.app/post/import-multiple-files/?s=09,,
"R for Data Science, Chapter 11: Data Import","This chapter of R for Data Science teaches you how to import CSV and other rectangular data into R.
",Data Import,Learning Resource,"Hadley Wickham,Garrett Grolmund",,R for Data Science,https://r4ds.had.co.nz/data-import.html,,
Microsoft365R,"A package to work with files stored on Microsoft365 services, including SharePoint Online and OneDrive.
",Data Import,Package,Hong Ooi,,,https://github.com/Azure/Microsoft365R,https://github.com/Azure/Microsoft365R/raw/master/man/figures/logo.png,
qualtRics,"This package allows you to import Qualtrics survey data directly into R using the Qualtrics API.
",Data Import,Package,"Jasper Ginn,Julia Silge",,QualtricsInR,https://docs.ropensci.org/qualtRics/,https://docs.ropensci.org/qualtRics/hexlogo.png,
QualtricsInR,"This package allows you to use the Qualtrics API to manipulate survey objects and responses, as well as general survey and account administration functions.",Data Import,Package,Pierre Souter,,qualtRics,https://qualtrics.psaouter.com/,,
readr,"readr is a package designed ""to provide a fast and friendly way to read rectangular data (like csv, tsv, and fwf).""",Data Import,Package,"Hadley Wickham,Jim Hester",,"""R for Data Science, Chapter 11: Data Import""",https://readr.tidyverse.org/,https://github.com/tidyverse/readr/raw/master/man/figures/logo.png,
readxl,The readxl package simplifies the process of importing Excel files into R.,Data Import,Package,"Hadley Wickham,Jenny Bryan",,,https://readxl.tidyverse.org/,https://github.com/tidyverse/readxl/raw/master/man/figures/logo.png,
tidycensus,"The tidycensus package enables you to get data directly from the United States Census Bureau into R.
",Data Import,Package,Kyle Walker,,tigris,https://walker-data.com/tidycensus/,,
vroom,"vroom is a package designed to import large data fast.
",Data Import,Package,"Jim Hester,Hadley Wickham",,,https://vroom.r-lib.org/,https://vroom.r-lib.org/reference/figures/logo.png,
Leveraging labelled data in R,"An article explaining how to work with SPSS, SAS, and Stata datasets with the haven, labelled, and sjlabelled packages.
","Data Import,Data Wrangling",Learning Resource,Shannon Pileggi,Labelled Data,"haven,sjlabelled,labelled",https://www.pipinghotdata.com/posts/2020-12-23-leveraging-labelled-data-in-r/,,
Spreadsheet workflows in R,"This blog post shows some equivalents between workflows in R and Excel.
","Data Import,Data Wrangling",Learning Resource,Devin Johnson,,,https://education.rstudio.com/blog/2020/08/spreadsheets-using-r/,,
haven,"haven enables R to read and write various data formats used by other statistical packages, including SPSS, SAS, Stata, and more.","Data Import,Data Wrangling",Package,"Hadley Wickham,Evan Miller",,,https://haven.tidyverse.org/,https://github.com/tidyverse/haven/raw/master/man/figures/logo.png,
jsonlite,jsonlite is a package designed to make it easier to work with JSON (JavaScript Object Notation) data. This type of data is common when working with APIs (application programming interfaces).,"Data Import,Data Wrangling",Package,Jeroen Ooms,,rvest,https://cran.r-project.org/web/packages/jsonlite/vignettes/json-aaquickstart.html,,
labelled,"This package is built on the new classes haven_labelled and haven_labelled_spss introduced by haven package to handle labelled variables imported from SPSS, Stata and SAS. The labelled package propose several functions to manipulate such vectors and their metadata: variable labels, value labels and user-defined missing values.","Data Import,Data Wrangling",Package,Joseph Larmarange,Labelled Data,Leveraging labelled data in R,https://larmarange.github.io/labelled/index.html,https://larmarange.github.io/labelled/reference/figures/labelled.png,
sjlabelled,"This package deals with reading and writing data between other statistical packages (like ‘SPSS’) and R, based on the haven and foreign packages. It includes functions to make working with labelled data easier, including easy ways to get, set or change value and variable label attributes, to convert labelled vectors into factors or numeric (and vice versa), or to deal with multiple declared missing values.","Data Import,Data Wrangling",Package,Daniel Lüdecke,Labelled Data,Leveraging labelled data in R,https://strengejacke.github.io/sjlabelled/index.html,https://strengejacke.github.io/sjlabelled/reference/figures/logo.png,
rvest,rvest helps you scrape information from web pages.,"Data Import,Web Scraping",Package,Hadley Wickham,,,https://rvest.tidyverse.org/,https://github.com/tidyverse/rvest/raw/master/man/figures/logo.png,
A Scientist's Guide to R: Step 2.2 - Joining Data with dplyr,"The dplyr package has a wide range of functions for joining data. This article walks through them.
",Data Merging,Learning Resource,Craig Hutton,,dplyr,https://craig.rbind.io/post/2020-03-29-asgr-2-2-joining-data/,,
A ggplot2 Tutorial for Beautiful Plotting in R,"An extremely in-depth blog post demonstrating how to make tweaks large and small to plots made in ggplot.
",Data Visualization,Learning Resource,Cedric Scherer,,ggplot2,https://cedricscherer.netlify.app/2019/08/05/a-ggplot2-tutorial-for-beautiful-plotting-in-r/,,
Data Visualization: A Practical Introduction,"This book demonstrates how to create high-quality data visualization in R. Complete with code samples, it's a great resource to improve your visualizations.
",Data Visualization,Learning Resource,Kieran Healy,,ggplot2,https://socviz.co/,,
Drawing Anything with ggplot2,This two-part workshop is a deep dive on what you can do with ggplot2.,Data Visualization,Learning Resource,Thomas Lin Pedersen,,ggplot2,https://github.com/thomasp85/ggplot2_workshop,,
ggplot2: elegant graphics for data analysis,"This book is designed to ""help you understand the details of the underlying theory"" of the ggplot2 package and ""[give] you the power to tailor any plot specifically to your needs.""
",Data Visualization,Learning Resource,"Hadley Wickham,Danielle Navarro,Thomas Lin Pedersen",,ggplot2,https://ggplot2-book.org/,https://ggplot2-book.org/cover.jpg,
Mapping ggplot geoms and aesthetic properties,"In ggplot, each geom uses certain aesthetic properties. This blog post is a cheatsheet to help you remember which geoms work with which aesthetic properties.",Data Visualization,Learning Resource,,,ggplot2,https://www.yihanwu.ca/post/geoms-and-aesthetic-parameters/,,
R Graph Gallery,"This website is a collection of visualization types, complete with R code that shows how to make them.",Data Visualization,Learning Resource,Yan Holtz,,ggplot2,https://www.r-graph-gallery.com/index.html,,
R Graphics Cookbook,"This book has recipes that show how to do a variety of tasks in ggplot.
",Data Visualization,Learning Resource,Winston Chang,,ggplot2,https://r-graphics.org/,,
RStudio Cloud Primer: Visualize Your Data,"A tutorial to help you ""learn how to use ggplot2 to make any type of plot with your data. Then learn the best ways to visualize patterns within values and relationships between variables.""
",Data Visualization,Learning Resource,RStudio,,ggplot2,https://rstudio.cloud/learn/primers/1,https://rstudio.cloud/images/primers/thumb2.svg,
RStudio Cloud Primers: Visualize Data,"These primers explain the basics of visualizing data in R.
",Data Visualization,Learning Resource,RStudio,,ggplot2,https://rstudio.cloud/learn/primers/3,,
Take A Sad Plot & Make It Better: A Case Study with R and ggplot2,This presentation provides a case study of how to improve the quality of a plot.,Data Visualization,Learning Resource,Alison Hill,,ggplot2,https://apreshill.github.io/ohsu-biodatavis/slides.html#1,,
The ggplot flipbook,This flipbook walks through plots created in ggplot step by step so you can learn how to make your own plots.,Data Visualization,Learning Resource,Gina Reynolds,,ggplot2,https://evamaerey.github.io/ggplot_flipbook/ggplot_flipbook_xaringan.html#1,,
The Glamour of Graphics,"This presentation at 2020 rstudio::conf shows how you can use ggplot to make high-quality visualizations.
",Data Visualization,Learning Resource,Will Chase,,ggplot2,https://rstudio.com/resources/rstudioconf-2020/the-glamour-of-graphics/,,
cowplot,"The cowplot package provides various features that help with creating publication-quality figures, such as a set of themes, functions to align plots and arrange them into complex compound figures, and functions that make it easy to annotate plots and or mix plots with images.",Data Visualization,Package,Claus Wilke,,"ggplot2,patchwork",https://wilkelab.org/cowplot/index.html,https://wilkelab.org/cowplot/reference/figures/logo.png,
ggittext,This package helps you fit text added to plots within boxes.,Data Visualization,Package,David Wilkins,,"ggittext,ggtext",https://wilkox.org/ggfittext/,,
ggplot2,"ggplot2 is the <a href=""https://qz.com/1007328/all-hail-ggplot2-the-code-powering-all-those-excellent-charts-is-10-years-old/"">ubiquitous package</a> behind a huge amount of high-quality data visualization.",Data Visualization,Package,"Kohske Takahashi,Claus Wilke,Dewey Dunnington,Hiroaki Yutani,Hadley Wickham,Winston Chang,Lionel Henry,Thomas Lin Pedersen,Kara Woo",,tidyverse,https://ggplot2.tidyverse.org/,https://github.com/tidyverse/ggplot2/raw/master/man/figures/logo.png,
ggsteam,"ggsteam is a package to make steamplots using ggplot2.
",Data Visualization,Package,David Sjoberg,ggplot extensions,ggplot2,https://github.com/davidsjoberg/ggstream,https://github.com/davidsjoberg/ggstream/raw/master/man/figures/README-pressure-1.png,
ggtext,"The ggtext package allows you to style text elements of plots. You can use it to add multiple colors to titles, subtitles, captions, etc.
",Data Visualization,Package,Claus Wilke,,,https://wilkelab.org/ggtext/,,
patchwork,The patchwork package enables you to combine multiple plots into a single graphic.,Data Visualization,Package,Thomas Lin Pedersen,,"ggplot2,cowplot",https://patchwork.data-imaginist.com/,https://patchwork.data-imaginist.com/reference/figures/logo.png,
colorblindcheck,"colorblindcheck is a package designed to help you decide if your color palette is colorblind friendly.
","Data Visualization,Accessibility",Package,Jakub Nowosad,,ggplot2,https://nowosad.github.io/colorblindcheck/,,
colorblindr,"This package allows you to simulate common forms of colorblindness in order to see how your plots made with ggplot2 appear to those who are color blind.
","Data Visualization,Accessibility",Package,"Claus Wilke,Claire McWhite",,"ggplot2,cowplot",https://github.com/clauswilke/colorblindr,,
savonliquide,"savonliquide is a tiny package that allows you to generate a report from the Contrast Checker API. The report will display a contrast ratio among other useful information that will judge the accessibility level of your color contrast. savonliquide can be used to evaluate color contrast accessibility for plots, RMarkdown documents, Shiny Apps and even for the RStudio IDE theme (for teaching situations).","Data Visualization,Accessibility",Package,Ihaddaden Mohamed El Fodil,,"colorblindcheck,colorblindr",https://github.com/feddelegrand7/savonliquide,,
Data Science for the Biomedical Sciences,"Materials for a workshop geared toward those in biomedical sciences.
","Data Visualization,Data Wrangling,Data Import,Tidy Data,Modeling",Learning Resource,"Daniel Chen,Anne Brown",Course Materials,,https://ds4biomed.tech/,https://ds4biomed.tech/images/cover/Snake_title_cropped.png,
R-Bootcamp,The R-Bootcamp is a gentle and gradual introduction to manipulating and visualizing data in R using the `tidyverse` suite of packages. It is meant for incoming Oregon Health and Science University Bioinformatics and Computational Biomedicine Majors but is appropriate for any beginners wanting to learn elementary data manipulation in R.,"Data Visualization,Data Wrangling,Data Import,Tidy Data,Modeling",Learning Resource,"Ted Laderas,Jessica Minnier",Course Materials,,https://r-bootcamp.netlify.app/,,
Stat545,"The materials for Stat545 are design to help you learn how to: 

<ul>
<li>explore, groom, visualize, and analyze data,</li>
<li>make all of that reproducible, reusable, and shareable,</li>
<li>using R.</li>
</ul>

This materials cover everything that comes up during data analysis except for statistical modelling and inference. ","Data Visualization,Data Wrangling,Data Import,Tidy Data,Git/GitHub,Package Development",Learning Resource,Jenny Bryan,Course Materials,,https://stat545.com/,https://stat545.com/assets/stat545-logo.png,
Introduction to the Field of Statistics (and R Statistical Software),"This course is an ""introduction to the discipline of statistics, including the development of the discipline, professional ethics, data visualization and the role of statistics in the scientific enterprise.""
","Data Visualization,Data Wrangling,RMarkdown",Learning Resource,Kelly Bodwin,Course Materials,,https://stat150.blog/,,
plotly,The plotly package enables you to make interactive visualizations. You can either generate figures in ggplot and then add interactivity or use other functions from the package to make interactive figures directly.,"Data Visualization,Mapping/Geospatial,Interactive",Package,Carson Sievert,,"""Interactive web-based data visualization with R, plotly, and shiny""",https://plotly.com/r/getting-started/,,
A Scientist's Guide to R: Step 2.1. Data Transformation - Part 1,"This article runs through some key functions from the dplyr package for wrangling data.
",Data Wrangling,Learning Resource,Craig Hutton,,"dplyr,tidyverse",https://craig.rbind.io/post/2019-12-30-asgr-2-1-data-transformation-part-1/,,
Data Wrangling with dplyr and tidyr,"This lesson from a course on R for social scientists from The Carpentries covers working with data using dplyr and tidyr.
",Data Wrangling,Learning Resource,The Carpentries,,"tidyr,dplyr",https://datacarpentry.org/r-socialsci/03-dplyr-tidyr/index.html,,
Deep dive intro dplyr,"This tutorial is for anyone interested in learning the basics of the dplyr package. We'll be focusing on data exploration and manipulation, building off of the examples in the dplyr package documentation using the Palmer Penguins dataset.",Data Wrangling,Learning Resource,Jesse Mostipak,,dplyr,https://www.kaggle.com/jessemostipak/dive-into-dplyr-tutorial,,
Getting more out of dplyr,This 2018 talk goes over some of the less used functions from dplyr.,Data Wrangling,Learning Resource,Suzan Baert,,,https://www.youtube.com/watch?v=RgJtufO_zMo,,
Learning tidyselect,"There are a number of helper functions for selecting columns (e.g. contains()). This tutorial shows you how to use them to select and manipulate variables.

",Data Wrangling,Learning Resource,Ted Laderas,,,https://tladeras.shinyapps.io/learning_tidyselect/#section-doing-more-with-multiple-columns-using-tidyselect,,
RStudio Cloud Primer: Work with Data,"A tutorial to ""learn the most important data handling skills in R: how to extract values from a table, subset tables, calculate summary statistics, and derive new variables.""
",Data Wrangling,Learning Resource,RStudio,,dplyr,https://rstudio.cloud/learn/primers/2,https://rstudio.cloud/images/primers/thumb-data.svg,
breakerofchains,"This package enables you to see output at various points in your pipeline (%>%). 
",Data Wrangling,Package,Miles McBain,,"dplyr,tidyverse,tidylog,tidyr",https://github.com/MilesMcBain/breakerofchains,,
dplyr,"dplyr is a grammar of data manipulation, providing a consistent set of verbs that help you solve the most common data manipulation challenges. It is one of the core tidyverse packges.",Data Wrangling,Package,"Hadley Wickham,Romain François,Lionel Henry,Kirill Müller",,tidyverse,https://dplyr.tidyverse.org/,https://github.com/tidyverse/dplyr/raw/master/man/figures/logo.png,
purrr,"The purrr package is focused on iteration. You can use it to do things like read in multiple sheets from an Excel spreadsheet into a single data frame, knit an RMarkdown to multiple reports, etc.
",Data Wrangling,Package,"Lionel Henry,Hadley Wickham,RStudio",,,https://purrr.tidyverse.org/,https://github.com/tidyverse/purrr/raw/master/man/figures/logo.png,
tidylog,"Tidylog provides feedback about dplyr and tidyr operations. It provides wrapper functions for the most common functions, such as filter, mutate, select, and group_by, and provides detailed output for joins.",Data Wrangling,Package,Benjamin Elbers,,"dplyr,tidyverse,breakerofchains,tidyr",https://github.com/elbersb/tidylog,,
ViewPipeSteps,This RStudio add-in enables you to see results of your pipeline at each step.,Data Wrangling,Package,David Ranzolin,,,https://github.com/daranzolin/ViewPipeSteps,https://github.com/daranzolin/ViewPipeSteps/raw/master/inst/daranzolin_ViewPipeSteps.gif,
data.table,"data.table is a package for data importing and wrangling. It has an emphasis on speed when working with large datasets.
","Data Wrangling,Data Import",Package,"Arun Srinivasan,Matt Dowle",,,https://rdatatable.gitlab.io/data.table/,https://raw.githubusercontent.com/Rdatatable/data.table/master/.graphics/logo.png,
Data wrangling for spatial analysis: R Workshop,"These materials are designed to ""train you in the basic skills you need to be proficient at spatial analysis and mapping"" in R. They look at ""data wrangling, with a focus on its application to spatial data,"" as well as ""some spatial statistics and mapping.""
","Data Wrangling,Mapping/Geospatial",Learning Resource,"Chris Brown,David Schoeman",,"sf,raster,tidyverse,readr,dplyr,ggplot2",https://www.seascapemodels.org/data/data-wrangling-spatial-course.html,,
stringr.plus,"This package provides a few additional functions to supplement those in the string package. They include str_extract_before(), str_extract_after(), and others.
","Data Wrangling,Strings",Package,John Cassil,,stringr,https://github.com/johncassil/stringr.plus,https://github.com/johncassil/stringr.plus/raw/main/man/figures/logo.png,
RStudio Cloud Primer: Tidy Your Data,"A tutorial to ""unlock the tidyverse by learning how to make and use tidy data, the data format designed for R.""
","Data Wrangling,Tidy Data",Learning Resource,RStudio,,"tidyr,dplyr",https://rstudio.cloud/learn/primers/4,https://rstudio.cloud/images/primers/thumb3.svg,
Tidy Data Vignette,This article lays out the principles of tidy data and shows how you can use the tidyr package to get your data into this format.,"Data Wrangling,Tidy Data",Learning Resource,"Hadley Wickham,Lionel Henry,RStudio",,,https://tidyr.tidyverse.org/articles/tidy-data.html,,
tidyr,"The tidyr package is designed to help you get data into tidy format. With functions to go from wide data to long data, deal with missing values, and more, it provides a toolkit to ensure your data follows tidy principles.
","Data Wrangling,Tidy Data",Package,"Hadley Wickham,RStudio",,,https://tidyr.tidyverse.org/index.html,https://github.com/tidyverse/tidyr/raw/master/man/figures/logo.png,
A Scientist's Guide to R: Step 2.5 - dates & times,"Working with dates and times in R can be challenging. This article shows you how to use the lubridate package to work with dates and times.
",Dates and Times,Learning Resource,Craig Hutton,,lubridate,https://craig.rbind.io/post/2020-10-10-asgr-2-5-dates/,,
Date Night: using lubridate to work with dates in R,"This presentation gives some examples of how the lubridate package can help you work with dates. Also see the <a href=""https://jenrichmond.github.io/slides/lubridate.html"">accompanying slides</a>.
",Dates and Times,Learning Resource,Jen Richmond,,lubridate,https://www.youtube.com/watch?v=B765xONVhjY,,
"R for Data Science, Chapter 16: Dates and Times",This chapter of R for Data Science shows how to work with dates and times in R using the lubridate package.,Dates and Times,Learning Resource,"Hadley Wickham,Garrett Grolmund",,lubridate,https://r4ds.had.co.nz/dates-and-times.html,,
lubridate,lubridate is a tidyverse-friendly package to simplify the process of working with dates and times.,Dates and Times,Package,"Vitalie Spinu,Hadley Wickham,Garrett Grolmund",,"""R for Data Science, Chapter 16: Dates and Times""",https://lubridate.tidyverse.org/,https://github.com/tidyverse/lubridate/raw/master/man/figures/logo.png,
A Scientist's Guide to R: Step 2.4 - forcats for factors,"Factors are how R deals with categorical data with a known number of options. This article will help you understand how factors work.
",Factors,Learning Resource,Craig Hutton,,forcats,https://craig.rbind.io/post/2020-08-29-asgr-2-4-factors/,,
Working with categorical data in R without losing your mind,"Categorical data, called “factor” data in R, presents unique challenges in data wrangling. R users often look down at tools like Excel for automatically coercing variables to incorrect datatypes, but factor data in R can produce very similar issues. The stringsAsFactors=HELLNO movement and standard Tidyverse defaults have moved us away from the use of factors, but they are sometimes still necessary for analysis. This talk will outline common problems arising from categorical variable transformations in R, and show strategies to avoid them, using both base R and the Tidyverse (particularly, dplyr and forcats functions).",Factors,Learning Resource,Amelia McNamara,,"tidyverse,forcats",https://rstudio.com/resources/rstudioconf-2019/working-with-categorical-data-in-r-without-losing-your-mind/,,
Wrangling categorical data in R,"Data wrangling is a critical foundation of data science, and wrangling of categorical data is an important component of this process. However, categorical data can introduce unique issues in data wrangling, particularly in real-world settings with collaborators and periodically-updated dynamic data. This paper discusses common problems arising from categorical variable transformations in R, demonstrates the use of factors, and suggests approaches to address data wrangling challenges. For each problem, we present at least two strategies for management, one in base R and the other from the ‘tidyverse.’ We consider several motivating examples, suggest defensive coding strategies, and outline principles for data wrangling to help ensure data quality and sound analysis.",Factors,Learning Resource,"Amelia McNamara,Nicholas Horton",,"tidyverse,forcats",https://peerj.com/preprints/3163,,
forcats,"R uses factors to handle categorical variables, variables that have a fixed and known set of possible values. Factors are also helpful for reordering character vectors to improve display. The goal of the forcats package is to provide a suite of tools that solve common problems with factors, including changing the order of levels or the values. Some examples include:",Factors,Package,Hadley Wickham,,tidyverse,https://forcats.tidyverse.org/,https://github.com/tidyverse/forcats/raw/master/man/figures/logo.png,
Rendering your README with GitHub Actions,"Learn how to automate generate a README on your GitHub repository using GitHub Actions.
","GitHub Actions,Automation",Learning Resource,Gavin Simpson,,"usethis,A Twitter bot with {rtweet} and GitHub Actions",https://fromthebottomoftheheap.net/2020/04/30/rendering-your-readme-with-github-actions/?s=09,,
broom,"The broom packages enables you to take output from statistical models and convert it into tidy tibbles. Practically speaking, this means you can easily access elements of the output (e.g. pull out p-values to include in text in an RMarkdown document).
",Inferential Statistics,Package,"David Robinson,Alex Hayes,Simon Couch",,tidyr,https://broom.tidymodels.org/index.html,https://raw.githubusercontent.com/tidymodels/broom/master/man/figures/logo.png,
"Interactive web-based data visualization with R, plotly, and shiny",This book provides an overview of the plotly package and has chapters that lay out how to make a wide range of graphs using it.,"Interactive,Mapping/Geospatial,Data Visualization,Shiny",Learning Resource,Carson Sievert,,plotly,https://plotly-r.com/,,
Geocomputation with R,"Geocomputation with R is ""a book on geographic data analysis, visualization and modeling."" An in-depth yet approachable book, it is a great place to start (and a great reference) for those looking to learn about making maps in R.",Mapping/Geospatial,Learning Resource,"Robin Lovelace,Jakub Nowosad,Jannes Muenchow",,"sf,tmap,ggspatial,leaflet,mapdeck,plotly,geogrid,geofacet,tilemaps",https://geocompr.robinlovelace.net/,,
Personal Art Map with R,"This blog post shows how to use the ggplot2 and sf packages to make a beautiful map.
",Mapping/Geospatial,Learning Resource,Esteban Moro,,"sf,ggplot2",http://estebanmoro.org/post/2020-10-19-personal-art-map-with-r/,,
"R as GIS, Part 1","This article walks through some of the basics of using R as a GIS tool.
",Mapping/Geospatial,Learning Resource,Lionel Hertzog,,sf,https://datascienceplus.com/r-as-gis-part-1-vector/,,
raster,"The raster package has functions for creating, reading, manipulating, and writing raster data. 
",Mapping/Geospatial,Package,Robert Hijmans,,,https://rspatial.org/raster/pkg/index.html,,
sf,The sf package provides tools for working with simple features geospatial data.,Mapping/Geospatial,Package,Edzer Pebesma,,Geocomputation with R,https://r-spatial.github.io/sf/,https://user-images.githubusercontent.com/520851/34887433-ce1d130e-f7c6-11e7-83fc-d60ad4fae6bd.gif,
snapbox,Add static basemaps from mapbox to maps made with ggplot2.,Mapping/Geospatial,Package,"Miles McBain,Anthony North",,ggplot2,https://github.com/anthonynorth/snapbox,,
tilemaps,This package is designed to take a map and turn it into equally-spaced tile maps.,Mapping/Geospatial,Package,Kaelyn Rosenberg,,geogrid,https://kaerosen.github.io/tilemaps/,https://kaerosen.github.io/tilemaps/reference/figures/logo.png,
tmap,"tmap is package designed to help you quickly make static and interactive maps.
",Mapping/Geospatial,Package,Martijn Tennekes,,Geocomputation with R,https://cran.r-project.org/web/packages/tmap/vignettes/tmap-getstarted.html,,
zipcodeR,"zipcodeR is an R library that makes working with ZIP codes in R easier. It provides data on all U.S. ZIP codes using multiple open data sources, making it easier for social science researchers and data scientists to work with ZIP code-level data in projects.",Mapping/Geospatial,Package,Gavin Rozzi,,,https://gavinrozzi.github.io/zipcodeR/index.html,https://gavinrozzi.github.io/zipcodeR/reference/figures/logo.png,
tigris,"""tigris is an R package that allows users to directly download and use TIGER/Line shapefiles from the US Census Bureau.""","Mapping/Geospatial,Data Import",Package,Kyle Walker,,tidycensus,https://github.com/walkerke/tigris,,
geofacet,geofacet enables you to make small multiple plots laid out in grids that are designed to represent the shapes of geographic areas (e.g. states in the United States).,"Mapping/Geospatial,Data Visualization",Learning Resource,Ryan Hafen,,ggplot2,https://hafen.github.io/geofacet/,,
geogrid,"The geogrid packages enables you to ""turn geospatial polygons like states, counties or local authorities into regular or hexagonal grids automatically.""
","Mapping/Geospatial,Data Visualization",Package,Joseph Bailey,,"tilemaps,geofacet",https://github.com/jbaileyh/geogrid,,
ggspatial,"ggspatial provides additional functionality to maps created with ggplot2. For example, it has a function to add a scalebar to help users measure distances in maps.","Mapping/Geospatial,Data Visualization",Package,Dewey Dunnington,,ggplot2,https://paleolimbot.github.io/ggspatial/index.html,,
leaflet,The leaflet package provides an interface to the popular javascript library of the same name that enables you to make interactive maps.,"Mapping/Geospatial,Data Visualization,Interactive",Package,RStudio,,mapdeck,https://rstudio.github.io/leaflet/,,
mapdeck,mapdeck is a package for making interactive maps. ,"Mapping/Geospatial,Interactive,Data Visualization",Package,David Cooley,,leaflet,https://symbolixau.github.io/mapdeck/,,
rtweet,"rtweet lets you access data from Twitter in order to analyze it in R.
",Misc,Package,Mike Kearney,,,https://docs.ropensci.org/rtweet/index.html,https://docs.ropensci.org/rtweet/reference/figures/logo.png,
usethis workflow for package development,This blog post is an overview of how the usethis package can help you to create your own R package.,Package Development,Learning Resource,Emil Hvitfeldt,,usethis,https://www.hvitfeldt.me/blog/usethis-workflow-for-package-development/,,
usethis,usethis is very meta: it's an R package design to help you make your own R package.,Package Development,Package,"Hadley Wickham,Jenny Bryan",,,https://usethis.r-lib.org/,https://usethis.r-lib.org/reference/figures/logo.png,
stringr,"""The stringr package provide a cohesive set of functions designed to make working with strings as easy as possible.""",Strings,Package,Hadley Wickham,,stringr.plus,https://stringr.tidyverse.org/,https://github.com/tidyverse/stringr/raw/master/man/figures/logo.png,
A Scientist's Guide to R: Step 2.3 - string manipulation and regex,Covers some of the core functions of the stringr package and has a section on regular expressions for pattern matching.,"Strings,Regular Expressions",Learning Resource,Craig Hutton,,stringr,https://craig.rbind.io/post/2020-06-28-asgr-2-3-string-manipulation/,,
10+ Guidelines for Better Tables in R,"This blog post takes <a href=""https://twitter.com/jschwabish/status/1290323581881266177"">table-making guidelines laid out by data visualization expert Jon Schwabish</a> and shows how they can be achieved using the gt package.",Tables,Learning Resource,Thomas Mock,,gt,https://themockup.blog/posts/2020-09-04-10-table-rules-in-r/,,
Functions and Themes for gt tables,This blog post shows how to make nice tables using the gt package.,Tables,Learning Resource,Thomas Mock,,gt,https://themockup.blog/posts/2020-09-26-functions-and-themes-for-gt-tables/,,
gt Workshop 2020!,Materials from a 2020 workshop about the gt R package.,Tables,Learning Resource, Richard Iannone,,gt,https://github.com/rich-iannone/gt-workshop-2020,,
Reactable Tutorial,"This tutorial walks through several features of the reactable package for making interactive tables.

",Tables,Learning Resource,"Vineet Choudhury,Julia Large",,reactable,https://vchoudhury.shinyapps.io/reactable_tutorial/,,
gt,The gt package aims to create a grammar of tables (similar to the grammar of graphics that underlies ggplot2) and use this to help users create attractive tables that communicate effectively.,Tables,Package, Richard Iannone,,"Functions and Themes for gt tables,10+ Guidelines for Better Tables in R",https://gt.rstudio.com/,https://github.com/rstudio/gt/raw/master/man/figures/logo.svg,
reactable,"The reactable package makes interactive data tables for R, based on the <a href=""https://github.com/tannerlinsley/react-table"">React Table</a> library and made with <a href=""https://github.com/react-R/reactR"">reactR</a>.
",Tables,Package,Greg Lin,,,https://glin.github.io/reactable/,,
tidy data,This Twitter thread explains the concept of tidy data with clear descriptions and illustrations.,Tidy Data,Learning Resource,"Julia Lowndes,Allison Horst",,,https://twitter.com/juliesquid/status/1315710359404113920,,
What is Takes to Tidy Census Data,"This walkthrough provides an example of cleaning Census data to demonstrate principles of tidy data.
","Tidy Data,Data Cleaning",Learning Resource,Isabella Velásquez,,tidycensus,https://ivelasq.rbind.io/blog/tidying-census-data/,,
Pivoting tidily,"This blog post provides an overview of the pivot functions — pivot_longer() and pivot_wider() — from the tidyr package.
","Tidy Data,Data Wrangling",Learning Resource,Gavin Simpson,,tidyr,https://fromthebottomoftheheap.net/2019/10/25/pivoting-tidily/,,
How to Make Slides in R Using xaringan,"An overview of the xaringan package.
",Slides,Learning Resource,Zhi Yang,xaringan,xaringan,https://xaringantutorial.netlify.app/#1,,
Meet xaringan: making slides in RMarkdown,"A presentation from the 2019 rstudio::conf about the xaringan package.

",Slides,Learning Resource,Alison Hill,xaringan,xaringan,https://arm.rbind.io/slides/xaringan.html#1,,
flair,The goal of flair is to is to provide tools for formatting R code in knitted R Markdown files.,Slides,Package,Kelly Bodwin,xaringan,xaringan,https://r-for-educators.github.io/flair/index.html,https://r-for-educators.github.io/flair/reference/figures/flair_hex.png,
xaringan,,Slides,Package,Yihui Xie,xaringan,xaringan,https://slides.yihui.org/xaringan/,https://upload.wikimedia.org/wikipedia/commons/b/be/Sharingan_triple.svg,
xaringanBuilder,"A package to easily export your xaringan slides to html, PDF, GIF, PPTX, and PNG formats.",Slides,Package,John Helveston,xaringan,xaringan,https://jhelvy.github.io/xaringanBuilder/index.html,,
xaringancolor,"A package to help you seamlessly use colors across text, code, and equations in #xaringan slides. ",Slides,Package,Emil Hvitfeldt,xaringan,xaringan,https://github.com/EmilHvitfeldt/xaringancolor,https://github.com/EmilHvitfeldt/xaringancolor/raw/master/man/figures/logo.png,
xaringanExtra,"Billed as a ""playground of extensions for xaringan,"" this package allows you to add animations, a tile view to show all of your slides, the ability to add a logo, and much more. 
",Slides,Package,Garrick Aden-Buie,xaringan,xaringan,https://pkg.garrickadenbuie.com/xaringanExtra/#/,,
xaringanthemer,A package to help you give your xaringan slides some style without (much) CSS.,Slides,Package,Garrick Aden-Buie,xaringan,xaringan,https://pkg.garrickadenbuie.com/xaringanthemer/,https://pkg.garrickadenbuie.com/xaringanthemer/reference/figures/logo.png,
R’s Killer Feature: RMarkdown,This blog post walks through what RMarkdown is and why it's valuable.,RMarkdown,Learning Resource,David Keyes,,RMarkdown,https://rfortherestofus.com/2019/03/r-killer-feature-rmarkdown/,,
gluedown,"The goal of gluedown is to ease the transition from R’s powerful vectors to formatted markdown text. Practically speaking, this means you can do things like convert vectors into bulleted lists in documents knitted from RMarkdown.",RMarkdown,Package,Kiernan Nicholls,,RMarkdown,https://kiernann.com/gluedown/,https://kiernann.com/gluedown/reference/figures/logo.png,
RMarkdown,"RMarkdown is a tool to help you go from data import to final report, all without leaving R.
",RMarkdown,Package,"JJ Allaire,Yihui Xie,Jonathan McPherson,Javier Luraschi,Kevin Ushey,Hadley Wickham,Aron Atkins,Joe Cheng,Winston Chang, Richard Iannone",,,https://rmarkdown.rstudio.com/docs/index.html,https://bookdown.org/yihui/rmarkdown/images/hex-rmarkdown.png,
RStudio Cloud Primer: Iterate,"A tutorial to help you ""master a core programming paradigm with the purrr package: for each ____ do ____.""",Iteration,Learning Resource,RStudio,,purrr,https://rstudio.cloud/learn/primers/5,https://rstudio.cloud/images/primers/thumb-iterate.svg,
How to Make Functions in R,"This post, complete with a video, shows how to make your own functions.",Functions,Learning Resource,David Keyes,,,https://rfortherestofus.com/2019/10/how-to-make-functions-in-r/,,
R for Data Science: Chapter 19: Functions,"This chapter from R for Data Science goes over how functions work, and how to create your own.",Functions,Learning Resource,"Hadley Wickham,Garrett Grolmund",,,https://r4ds.had.co.nz/functions.html,,
RStudio Cloud Primer: Functions,"A tutorial that will ""teach you how to write and use your own reusable functions.""",Functions,Learning Resource,RStudio,,,https://rstudio.cloud/learn/primers/6,https://rstudio.cloud/images/primers/thumb4.svg,
Stat545: Chapters 18-20: Write your own functions,"These chapters cover how functions work, and how to write your own.",Functions,Learning Resource,Jenny Bryan,,,https://stat545.com/functions-part1.html,,
Using the tidyverse with Databases,The first in a three-part series of connecting to databases from R.,Databases,Learning Resource,Vebash Naidoo,,"dbplyr,dplyr,RSQLite,DBI",https://sciencificity-blog.netlify.app/posts/2020-12-12-using-the-tidyverse-with-databases/,,
DBI,The DBI package helps connecting R to database management systems (DBMS). DBI separates the connectivity to the DBMS into a “front-end” and a “back-end.”,Databases,Package,"Kirill Müller,Hadley Wickham",,,https://dbi.r-dbi.org/,,
dbplyr,"""dbplyr is the database backend for dplyr. It allows you to use remote database tables as if they are in-memory data frames by automatically converting dplyr code into SQL.""",Databases,Package,"Hadley Wickham,Maximilian Girlich,Edgar Ruiz",,,https://dbplyr.tidyverse.org/,https://github.com/tidyverse/dbplyr/raw/master/man/figures/logo.png,
RSQLite,"This package ""embeds the SQLite database engine in R, providing a DBI-compliant interface. SQLite is a public-domain, single-user, very light-weight database engine that implements a decent subset of the SQL 92 standard, including the core table creation, updating, insertion, and selection operations, plus transaction management.""",Databases,Package,"Kirill Müller,Hadley Wickham,David James,Seth Falcon",,,https://rsqlite.r-dbi.org/,,
30 Day Map Challenge,"In 2019, Bob Rudis participated in the 30 Day Map Challenge. This bookdown project details how he did it, complete with code examples used to make a wide range of maps. ",Mapping/Geospatial,Learning Resource,Bob Rudis,,,https://rud.is/books/30-day-map-challenge/,,
An Exploration of Simple Features for R,"This blog post is a great introduction to simple features, the data type often used to make maps in R with the sf package.",Mapping/Geospatial,Learning Resource,Jesse Sadler,,sf,https://www.jessesadler.com/post/simple-feature-objects/,,
An Exploration of Simple Features for R,"This 2018 blog post is an overview of how get started making maps in R. Although it introduces both the sf and sp packages, most people have moved to using just the sf package.",Mapping/Geospatial,Learning Resource,Jesse Sadler,,sf,https://www.jessesadler.com/post/gis-with-r-intro/,,
biscale,"This package makes bivariate maps in R. From the package vignette: ""Thematic choropleth maps are used to display quantities of some variable within areas, such as mapping median income across a city’s neighborhoods. However, we often think in bivariate terms - “how do race and income vary together?”."" Maps that captures this, known as bivariate choropleth maps, are often perceived as difficult to create and interpret. The goal of biscale is to implement a consistent approach to bivariate mapping entirely within R.",Mapping/Geospatial,Package,Chris Prenner,,sf,https://slu-opengis.github.io/biscale/,https://slu-opengis.github.io/biscale/reference/figures/logo.png,
Space lesson from Data Visualization course,"This lesson from Andrew Heiss's data visualization course covers the basics of working with geospatial data and making maps in R.
",Mapping/Geospatial,Learning Resource,Andrew Heiss,,"sf,ggplot2",https://datavizm20.classes.andrewheiss.com/example/12-example/,,
Data Visualization,"A collection of materials from this course that helps you to ""use R, ggplot2, and the principles of graphic design to create beautiful and truthful visualizations of data.""",Data Visualization,Learning Resource,Andrew Heiss,Course Materials,ggplot2,https://datavizm20.classes.andrewheiss.com/,,
statebins,"This package makes states into equally-spaced squares, making it easier to demonstrates patterns across them.
",Mapping/Geospatial,Package,Bob Rudis,,,https://github.com/hrbrmstr/statebins,https://github.com/hrbrmstr/statebins/raw/master/man/figures/README-original-1.png,
Introduction to Geospatial Raster and Vector Data with R,"""The episodes in this lesson cover how to open, work with, and plot vector and raster-format spatial data in R. Additional topics include working with spatial metadata (extent and coordinate reference systems), reprojecting spatial data, and working with raster time series data.""",Mapping/Geospatial,Learning Resource,"Leah Wasser,Megan Jones,Zack Brym,Kristina Riemer,Jason Williams,Jeff Hollister,Mike Smorul,Joseph Stachelek",Course Materials,"sf,raster",https://datacarpentry.org/r-raster-vector-geospatial/,,
Introduction to mapping with {sf} & Co.,"This blog post is an introduction to using the sf package to make maps.
",Mapping/Geospatial,Learning Resource,Sébastien Rochette,,sf,https://statnmap.com/2018-07-14-introduction-to-mapping-with-sf-and-co/,,
leaidr,The goal of leaidr is to provide an easy way to map U.S. school districts in R.,Mapping/Geospatial,Package,Isabella Velásquez,,"sf,ggplot2",https://github.com/ivelasq/leaidr,https://github.com/ivelasq/leaidr/raw/master/man/figures/logo.png,
sf cheatsheet,Cheatsheet for the sf package.,Mapping/Geospatial,Learning Resource,RStudio,,sf,https://github.com/rstudio/cheatsheets/blob/master/sf.pdf,,
sf: A Tutorial,"This tutorials covers the sf package, which ""provides a powerful interface for R users to work with geospatial data stored in vector formats.""",Mapping/Geospatial,Learning Resource,Daryn Ramsden,,sf,https://thisisdaryn.shinyapps.io/tutorial_sf/#section-introduction,,
Spatial Data Science,"""This book introduces and explains the concepts underlying spatial data: points, lines, polygons, rasters, coverages, geometry attributes, data cubes, reference systems, as well as higher-level concepts including how attributes relate to geometries and how this affects analysis.""",Mapping/Geospatial,Learning Resource,"Edzer Pebesma,Roger Bivand",,"sf,raster,stars",https://keen-swartz-3146c4.netlify.app/,,
stars,"This package works with ""spatiotemporal data [that] often comes in the form of dense arrays, with space and time being array dimensions.""
",Mapping/Geospatial,Package,Edzer Pebesma,,,https://r-spatial.github.io/stars/,https://raw.githubusercontent.com/r-spatial/stars/master/images/cube1.png,
tidygeocoder,"Tidygeocoder makes getting data from geocoder services easy by using several geocoding services (U.S. Census Bureau, Open Street Map, Geocodio, Location IQ, and Google). ",Mapping/Geospatial,Package,"Jesse Cambon,Christopher Belanger",,,https://jessecambon.github.io/tidygeocoder/index.html,https://jessecambon.github.io/tidygeocoder/reference/figures/tidygeocoder_hex.png,
urbanmapr,The urbnmapr package provides U.S. state and county shapefiles that are compatible to map with ggplot2.,Mapping/Geospatial,Package,"Sarah Strochak,Kyle Ueyama,Aaron Williams",,,https://urbaninstitute.github.io/urbnmapr/index.html,https://urbaninstitute.github.io/urbnmapr/reference/figures/hexsticker.png,
useR! 2020 workshop on spatial data handling and visualization,"This is a video recording of a workshop on spatial data handling and visualization.
",Mapping/Geospatial,Learning Resource,"Sébastien Rochette,Jakub Nowosad,Dorris Scott",,sf,https://www.youtube.com/watch?v=1Hp8MO82t4g,,
hrbrthemes,"This package ""provides typography-centric themes and theme components for ggplot2.""","Data Visualization,ggplot Themes",Package,Bob Rudis,,ggplot2,https://cinc.rud.is/web/packages/hrbrthemes/,https://github.com/hrbrmstr/hrbrthemes/raw/master/man/figures/README-an-1.png,
firatheme,A ggplot2 theme using the fira font.,"Data Visualization,ggplot Themes",Package,Erik-Jan van Kesteren,,ggplot2,https://github.com/vankesteren/firatheme,https://github.com/vankesteren/firatheme/raw/master/img/plot.png,
ggthemes,"Jeffrey Arnold’s ggthemes package is a collection of themes, including themes that replicate the look and feel of the Economist and FiveThirtyEight, among others.
","Data Visualization,ggplot Themes",Package,Jeffrey Arnold,,ggplot2,https://jrnold.github.io/ggthemes/,https://mk0rfortheresto0o08q.kinstacdn.com/wp-content/uploads/2019/08/theme_fivethirtyeight-1-1024x633.png,
ggthemr,"This package is designed to enable you to set defaults for your plot themes and have these defaults apply throughout your work.
","Data Visualization,ggplot Themes",Package,Ciarán Tobin,,ggplot2,https://github.com/Mikata-Project/ggthemr,https://github.com/Mikata-Project/ggthemr/raw/master/README_files/figure-markdown_github/unnamed-chunk-12-1.png,
ggtech,"A collection of themes designed to make your plots have the look and feel of various tech companies.
","Data Visualization,ggplot Themes",Package,Ricardo Bion,,ggplot2,https://github.com/ricardo-bion/ggtech,https://github.com/ricardo-bion/ggtech/raw/master/README_files/figure-html/unnamed-chunk-3-1.png,
urbnthemes,"""urbnthemes is a set of tools for creating Urban Institute-themed plots and maps in R. The package extends ggplot2 with print and map themes as well as tools that make plotting easier at the Urban Institute.""","Data Visualization,ggplot Themes",Package,"Aaron Williams,Kyle Ueyama,Ben Chartoff",,ggplot2,https://urbaninstitute.github.io/urbnthemes/index.html,https://urbaninstitute.github.io/urbnthemes/reference/figures/hexsticker.png,
bbplot,"""R package that helps create and export ggplot2 charts in the style used by the BBC News data team.""","Data Visualization,ggplot Themes",Package,"Nassos Stylianou,Clara Guibourg",,ggplot2,https://github.com/bbc/bbplot/,https://github.com/bbc/bbplot/raw/master/chart_examples/bbplot_example_plots.png,
ggpomological,This package gives your figures a watercolor-type look.,"Data Visualization,ggplot Themes",Package,Garrick Aden-Buie,,ggplot2,https://www.garrickadenbuie.com/project/ggpomological/,https://www.garrickadenbuie.com/images/project/ggpomological/ggpomological.png,
tvthemes,"The tvthemes package is a collection of various ggplot2 themes and color/fill palettes based on various TV shows.

","Data Visualization,ggplot Themes",Package,Ryo Nakagawara,,ggplot2,https://ryo-n7.github.io/tvthemes/,https://i.imgur.com/NUjriiF.png,
artyfarty,A collection of ggplot themes.,"Data Visualization,ggplot Themes",Package,Bart Smeets,,ggplot2,https://datarootsio.github.io/artyfarty/articles/introduction.html,https://datarootsio.github.io/artyfarty/articles/introduction_files/figure-html/unnamed-chunk-4-1.png,
No Limits!,Slides from a presentation on making your own custom ggplot theme.,"Data Visualization,ggplot Themes",Learning Resource,Mike Moore,,ggplot2,https://mikemooreviz.github.io/nolimits/#1,,
Collaborating with git and GitHub,This chapter from a larger set of course materials covers the basics of Git and GitHub.,Git/GitHub,Learning Resource,"Daniel Anderson,Brendan Cullen,Ouafaa Hmaddi",Course Materials,,https://www.sds.pub/collaborating-with-git-and-github.html,,
Introduction to Open Data Science: GitHub,This chapter from a larger set of course materials covers the basics of Git and GitHub.,Git/GitHub,Learning Resource,The Ocean Health Index Team,Course Materials,,http://ohi-science.org/data-science-training/github.html,,
R for Excel Users: GitHub,"These materials, from a 2019 rstudio::conf workshop titled ""R for Excel Users"" cover ""version control and practice a workflow with GitHub and RStudio that streamlines working with our most important collaborator: Future You.""
",Git/GitHub,Learning Resource,"Julia Lowndes,Allison Horst",,,https://rstudio-conf-2020.github.io/r-for-excel/github.html,,
Git for Humans,"This 2016 presentation breaks down Git/GitHub into concepts that make sense for ""normal"" humans. <a href=""https://speakerdeck.com/alicebartlett/git-for-humans"">Associated slides are also available</a>.",Git/GitHub,Learning Resource,Alice Bartlett,,,https://www.youtube.com/watch?v=eWxxfttcMts,,
Happy Git with R,This book is an extremely comprehensive guide to using Git and GitHub along with R.,Git/GitHub,Learning Resource,"Jenny Bryan,Jim Hester",,,https://happygitwithr.com/,,
The complete guide to scales,"This websites shows all of the scales (color, fill, size, etc) that are available in ggplot2.",Data Visualization,Learning Resource,Christian Burkhart,,ggplot2,https://ggplot2tor.com/scales/,,
R for Journalists,Course materials providing a general overview of R for journalists.,"Data Import,Data Wrangling,Data Visualization,Mapping/Geospatial",Learning Resource,Andrew Ba Tran,Course Materials,,https://learn.r-journalism.com/en/,,
"The power of three: purrr-poseful iteration in R with map, pmap and imap","This blog post gives examples of several functions from the `purrr` package to help you with iteration.
",Iteration,Learning Resource,Zev Ross,,purrr,https://www.zevross.com/blog/2019/06/11/the-power-of-three-purrr-poseful-iteration-in-r-with-map-pmap-and-imap/,,
Learn to purrr,"""Purrr is the tidyverse's answer to apply functions for iteration. It's one of those packages that you might have heard of, but seemed too complicated to sit down and learn. Starting with map functions, and taking you on a journey that will harness the power of the list, this post will have you purrring in no time.""",Iteration,Learning Resource,Rebecca Barter,,purrr,http://www.rebeccabarter.com/blog/2019-08-19_purrr/,,
reactablefmtr,An R package to simplify formatting and customization of tables made with {reactable},Tables,Package,Kyle Cuilla,,reactable,https://github.com/kcuilla/reactablefmtr,,
tidyexplain,"This project provides a series of animations to show how various `dplyr` joins work.
",Data Merging,Learning Resource,Garrick Aden-Buie,,dplyr,https://www.garrickadenbuie.com/project/tidyexplain/,,
Your first R package in 1 hour,"""This blog post accompanies the R-Ladies Philly workshop on November 12, 2020. We demonstrate how leveraging the devtools and usethis packages in package development can automate folder structure and file creation, speeding up the development process.""
",Package Development,Learning Resource,Shannon Pileggi,,"usethis,devtools",https://www.pipinghotdata.com/posts/2020-10-25-your-first-r-package-in-1-hour/,,
devtools,"`devtools` is an R package designed to ease the process of developing your own packages.
",Package Development,Package,"Hadley Wickham,Jim Hester,Winston Chang",,,https://devtools.r-lib.org/index.html,https://devtools.r-lib.org/reference/figures/logo.svg,
The R Package Worflow,"This blog post discusses the idea of developing every analysis project as a package. In the process, it gives an overview of how package development works.
",Package Development,Learning Resource,David Neuzerling,,,https://mdneuzerling.com/post/data-science-workflows/,,
How to write your own R package and publish it on CRAN,"""While there exist many great resources for learning how to write a package in R, we found it difficult to find one all-encompassing guide that is also easily accessible for beginners. This tutorial seeks to close this gap: we will provide you with a step-by-step guide — seasoned with new and helpful packages ...""
",Package Development,Learning Resource,Cosima Meyer,,,https://www.mzes.uni-mannheim.de/socialsciencedatalab/article/r-package/,,
You're Already Ready: Zen and the Art of R Package Development,"This talk from rstudio::global 2021 seeks to show ""why your project is already an R package, why you’re already an R package developer, and why you already have the skills to walk the path of development.""",Package Development,Learning Resource,Malcolm Barrett,,,https://rstudio.com/resources/rstudioglobal-2021/youre-already-ready-zen-and-the-art-of-r-package-development/,,
Designing ggplots: making clear figures that communicate,"Materials from a 2019 workshop. Original description: ""In this interactive workshop, you will make ggplot2 data visualizations clearer and more communicative. You’ll learn to declutter plots using highlighting, direct labeling, and by designing figures with better legends (or no legends at all). To make beautiful, expressive plots, we’ll view strategies you already know, like faceting, from a design perspective; hack geoms, legends, and the plot itself; and learn extension packages that let us do incredible things, like cowplot, gghighlight, and ggrepel. Along the way, we’ll take advantage of useful tools for working with color. We’ll also explore storytelling with data by annotating plots and combining plots with the patchwork package in a way that builds your narrative.""",Data Visualization,Learning Resource,Malcolm Barrett,,ggplot2,https://malco.io/talk/designing-ggplots/,,
How to write an R package,"""R packages are great for organizing your own work, not only sharing with others. See how to create an R package in a few simple steps, thanks to packages like devtools, usethis, and roxygen2.""",Package Development,Learning Resource,Sharon Machlis,,,https://www.infoworld.com/article/3346261/how-to-write-an-r-package.html,,
R Packages,This book provides an overview of how to develop R packages.,Package Development,Learning Resource,"Hadley Wickham,Jenny Bryan",,,https://r-pkgs.org/,,
Writing an R package from scratch,"A blog post that walks through the process of developing an R package.
",Package Development,Learning Resource,Tom Westlake,,,https://r-mageddon.netlify.app/post/writing-an-r-package-from-scratch/,,
usethis workflow for package development,This blog post outlines the basic process of creating an R package using the `usethis` package. ,Package Development,Learning Resource,Emil Hvitfeldt,,usethis,https://www.hvitfeldt.me/blog/usethis-workflow-for-package-development/,,
RVerbalExpressions,This package is designed to help you more easily create regular expressions.,Regular Expressions,Package,Tyler Littlefield,,,https://rverbalexpressions.netlify.app/index.html,https://rverbalexpressions.netlify.app/reference/figures/logo.png,
RegExplain,"""RegExplain is an RStudio addin slash utility belt for regular expressions. Interactively build your regexp, check the output of common string matching functions, consult the interactive help pages, or use the included resources to learn regular expressions.""
",Regular Expressions,Package,Garrick Aden-Buie,,,https://www.garrickadenbuie.com/project/regexplain/,,
naniar,"""naniar provides principled, tidy ways to summarise, visualise, and manipulate missing data with minimal deviations from the workflows in ggplot2 and tidy data.""",Data Wrangling,Package,"Nicholas Tierney,Di Cook,Miles McBain,Colin Fay",,,http://naniar.njtierney.com/,http://naniar.njtierney.com/reference/figures/logo.png,
unheadr,"""The goal of unheadr is to help wrangle data when it has embedded subheaders, or when values are wrapped across several rows.""",Data Wrangling,Package,Luis D. Verde Arregoitia,,,https://unheadr.liomys.mx/,https://unheadr.liomys.mx/reference/figures/logosmall.png,
R Markdown Cookbook,"""This book is designed to provide a range of examples on how to extend the functionality of your R Markdown documents. As a cookbook, this guide is recommended to new and intermediate R Markdown users who desire to enhance the efficiency of using R Markdown and also explore the power of R Markdown.""
",RMarkdown,Learning Resource,"Yihui Xie,Christophe Dervieux,Emily Riederer",,,https://bookdown.org/yihui/rmarkdown-cookbook/,https://bookdown.org/yihui/rmarkdown-cookbook/images/cover.png,
officedown,"""The package facilitates the formatting of Microsoft Word documents produced by R Markdown documents by providing a range of features.""
",RMarkdown,Package,David Gohel,,,https://davidgohel.github.io/officedown/,https://davidgohel.github.io/officedown/reference/figures/logo.png,
flextable,"If you are knitting to Word, your best for tables is the flextable package (though the tables this package produces can also be embedded within HTML and PDF outputs). Designed by David Gohel, the flextable package provides a straightforward syntax to shape the content and format of your tables.",Tables,Package,David Gohel,,,https://davidgohel.github.io/flextable/index.html,https://davidgohel.github.io/flextable/reference/figures/logo.png,
RMarkdown for Scientists,"""This is a book on Rmarkdown, aimed for scientists. It was initially developed as a 3 hour workshop, but is now developed into a resource that will grow and change over time as a living book.""",RMarkdown,Learning Resource,Nicholas Tierney,,,https://rmd4sci.njtierney.com/,,
Branding and automating your work with R Markdown,"This talk from rstudio::conf 2018 highlights ways to ensure that documents produced with RMarkdown match your organizational branding.
",RMarkdown,Learning Resource,Daniel Hadley,,,https://rstudio.com/resources/rstudioconf-2018/branding-and-automating-your-work-with-r-markdown/,,
R Markdown: The Definitive Guide,This book provides an overview of some of the capabilities of RMarkdown.,RMarkdown,Learning Resource,"Yihui Xie,JJ Allaire,Garrett Grolmund",,,https://bookdown.org/yihui/rmarkdown/,https://bookdown.org/yihui/rmarkdown/images/cover.png,
RMarkdown Tutorials,This set of interactive tutorials walks you through RMarkdown from scratch to advanced applications.,RMarkdown,Learning Resource,RStudio,,,https://rmarkdown.rstudio.com/lesson-1.html,,
Parameterized Reporting with RMarkdown,"Parameterized reporting is a feature of RMarkdown that allows you to design a single report template and then use it to generate tens, hundreds, even thousands of reports at the same time. This video shows how it works.",RMarkdown,Learning Resource,David Keyes,,,https://rfortherestofus.com/2020/10/parameterized-reporting-with-rmarkdown/,,
Iterate parameterised {xaringan} reports,"This blog post walks through how to generate multiple presentations using parameterized reporting and RMarkdown
.",RMarkdown,Learning Resource,Matt Dray,,,https://www.rostrum.blog/2020/03/12/knit-with-params/,,
Iterated fact sheets with R Markdown,This article shows how to create multiple reports simultaneously using RMarkdown and parameterized reporting.,RMarkdown,Learning Resource,Urban Institute,,,https://urban-institute.medium.com/iterated-fact-sheets-with-r-markdown-d685eb4eafce,,
Solving iteration problems with purrr,This 2017 workshop gives an overview of iteration with the purrr package.,Iteration,Learning Resource,Charlotte Wickham,,purrr,https://www.youtube.com/watch?v=7UlWJWfZO9M,,
purrr tutorial,A set of tutorials to help you learn iteration with the purrr package.,Iteration,Learning Resource,Jenny Bryan,,purrr,https://jennybc.github.io/purrr-tutorial/,,
R for Data Science: Chapter 21: Iteration,This chapter demonstrates various methods for using iteration with the purrr package.,Iteration,Learning Resource,"Hadley Wickham,Garrett Grolmund",,purrr,https://r4ds.had.co.nz/iteration.html,,
R for Data Science: Chapter 3: Data Visualization,This chapter gives an overview of data visualization in R with the ggplot2 package.,Data Visualization,Learning Resource,"Hadley Wickham,Garrett Grolmund",,"purrr,ggplot2",https://r4ds.had.co.nz/data-visualisation.html,,
kableExtra,This package works together with kable to make attractive tables.,Tables,Package,Hao Zhu,,,https://cran.r-project.org/web/packages/kableExtra/vignettes/awesome_table_in_html.html,https://camo.githubusercontent.com/84624c361fada90aed38c52d4b615339d5026988eddb96133485951e125b2eb3/68747470733a2f2f68616f7a68753233332e6769746875622e696f2f6b61626c6545787472612f6b61626c6545787472612e737667,
formattable,"Kun Ren’s formattable package “is designed for applying formatting on vectors and data frames to make data presentation easier, richer, more flexible and hopefully convey more information.”

One of the most unique features is the ability to add colors, background shading, bars, and other features that move tables beyond hulking blocks of text.",Tables,Package,"Kun Ren,Kenton Russell",,,https://renkun-ken.github.io/formattable/,,
Create stylish tables in R using formattable,This blog post demonstrates the unique features of the formattable package.,Tables,Learning Resource,Laura Ellis,,formattable,https://www.littlemissdata.com/blog/prettytables,,
DT,"The main appeal of the DT package is its ability to add filtering, pagination, and sorting to HTML tables. Users can slice, scroll through, and arrange tables in ways that help them to make sense of your results.",Tables,Package,"Yihui Xie,Joe Cheng,Xianying Tan",,,https://rstudio.github.io/DT/,,
Tidy Tuesday live screencast: Analyzing global crop yields in R,This screencast provides an example of building a Shiny app from scratch.,Shiny,Learning Resource,David Robinson,,shiny,https://www.youtube.com/watch?v=0uqAhIiK9Rc,,
shiny,The shiny package provides tools to make interactive apps that respond to use input.,Shiny,Package,"Winston Chang,Joe Cheng,JJ Allaire,Carson Sievert,Barret Schloerke,Yihui Xie,Jeff Allen,Jonathan McPherson,Alan Dipert,Barbara Borges",,,https://shiny.rstudio.com/,,
Shiny Tutorial,"A set of tutorials that teach the fundamentals of Shiny.
",Shiny,Learning Resource,RStudio,,shiny,https://shiny.rstudio.com/tutorial/,,
Mastering Shiny,"This book provides a comprehensive guide to Shiny.
",Shiny,Learning Resource,Hadley Wickham,,shiny,https://mastering-shiny.org/,https://d33wubrfki0l68.cloudfront.net/0c97eee3d8fc820f3a8d670c08b286e8a524257b/e426c/cover.png,
Building Shiny apps - an interactive tutorial,"This blog post walks you through the process of setting up your first Shiny app.
",Shiny,Learning Resource,Dean Attali,,shiny,https://deanattali.com/blog/building-shiny-apps-tutorial/,,
a gRadual intRoduction to Shiny,Materials from an introductory workshop to basic shiny concepts.,Shiny,Learning Resource,"Ted Laderas,Jessica Minnier,Pierrette Lo,Dar'ya Pozhidayeva",,shiny,https://laderast.github.io/gradual_shiny/,,
Hands-on demonstration of {golem}!,"In this episode of the Shiny Developer Series, host Eriz Nantz talks with the developer of the golem package, Colin Fay.",Shiny,Learning Resource,"Eric Nantz,Colin Fay",,golem,https://shinydevseries.com/post/golem-demo/,,
golem,"""golem is an opinionated framework for building production-grade shiny applications.""",Shiny,Learning Resource,"Colin Fay,Vincent Guyader.,Sébastien Rochette,Cervan Girard",,shiny,https://thinkr-open.github.io/golem/index.html,https://engineering-shiny.org/img/thinkr-hex-golem2.png,
Engineering Production-Grade Shiny Apps,This book is a resource on building high-quality Shiny apps.,Shiny,Learning Resource,"Colin Fay,Vincent Guyader.,Sébastien Rochette,Cervan Girard",,"shiny,golem",https://engineering-shiny.org/index.html,,
shinybulma,A Shiny theme and extensions based on the Bulma CSS framework.,Shiny,Package,"John Coene,David Granjon",Shiny Themes,shiny,https://rinterface.github.io/shinybulma/,http://rinterface.com/inst/images/shinybulma.svg,
tablerDash,ler dashboard template for shiny with Bootstrap 4,Shiny,Package,David Granjon,Shiny Themes,shiny,https://rinterface.github.io/tablerDash/index.html,https://rinterface.github.io/tablerDash/reference/figures/tablerDash_demo.png,
shinydashboardPlus,"Provides extensions for Shiny dashboards, including sidebars, preloaders, and more.",Shiny,Package,David Granjon,Shiny Themes,shiny,https://rinterface.github.io/shinydashboardPlus/index.html,https://rinterface.github.io/shinydashboardPlus/reference/figures/shinydashPlus_demo.png,
shinyUIkit,"A wrapper of the UIKit framework for Shiny.
",Shiny,Package,David Granjon,Shiny Themes,shiny,https://rinterface.github.io/shinyUIkit/index.html,https://rinterface.github.io/shinyUIkit/reference/figures/UIkit_hex.svg,
Gentelella Shiny,An R Shiny HTML Template version of the gentelella bootstrap theme.,Shiny,Package,Mark Edmonson,Shiny Themes,shiny,http://code.markedmondson.me/gentelellaShiny/,https://github.com/MarkEdmondson1234/gentelellaShiny_nopackage/raw/master/gentellelaShinydemo.png,
shinymaterial,"An application of material design in Shiny.
",Shiny,Package,Eric Anderson,Shiny Themes,shiny,https://ericrayanderson.github.io/shinymaterial/,,
shiny.semantic,"""With this library it is easy to wrap Shiny with Fomantic UI (previously Semantic). Add a few simple lines of code to give your UI a fresh, modern and highly interactive look.""",Shiny,Package,"Filip Stachura,Dominik Krzeminski,Krystian Igras,Adam Forys,Paweł Przytuła",Shiny Themes,shiny,https://appsilon.github.io/shiny.semantic/,https://appsilon.github.io/shiny.semantic/reference/figures/churn.png,
shinyWidgets,"""This package offers custom widgets and other components to enhance your shiny applications. You can replace classical checkboxes with switch button, add colors to radio buttons and checkbox group, use buttons as radio or checkboxes. Each widget has an update method to change the value of an input from the server.""",Shiny,Package,"Victor Perrier,Fanny Meyer,David Granjon",Shiny Themes,shiny,http://shinyapps.dreamrs.fr/shinyWidgets/,,
argonDash,"A Shiny theme based on the argon framework.
",Shiny,Package,David Granjon,Shiny Themes,shiny,https://rinterface.github.io/argonDash/,https://rinterface.github.io/argonDash/reference/figures/argonDashDemo_horizontal.png,
bs4Dash,Bootstrap 4 shinydashboard using AdminLTE3,Shiny,Package,David Granjon,Shiny Themes,shiny,https://rinterface.github.io/bs4Dash/,https://community.rstudio.com/uploads/default/original/2X/e/eb1013fd09ccf10cbe13da3f0168eebfcb0eba75.gif,
bsplus,A collection of UI elements for Shiny.,Shiny,Package,Ian Lyttle,Shiny Themes,shiny,https://ijlyttle.github.io/bsplus/index.html,,
yonder,"""yonder is designed to make building pragmatic applications fun and rewarding. On the UI side yonder features new reactive inputs such as navInput(), chipInput() and menuInput(), as well as the latest Bootstrap components. On the server side yonder includes tools for showing alerts and toasts, displaying modal and popovers, hiding and showing panes of content, and more!""",Shiny,Package,Nathan Teetor,Shiny Themes,shiny,https://nteetor.github.io/yonder/,https://nteetor.github.io/yonder/reference/figures/logo.png,
Working with Strings in R: Seattle Pet Names,A tutorial giving examples of working with strings using the `stringr` package.,Strings,Learning Resource,Hugo Toscano,,stringr,https://toscano84.github.io/2019/04/working-with-strings-in-r-seattle-pet-names/,,
The tidyverse style guide,A style guide for the tidyverse.,Style Guides,Learning Resource,Hadley Wickham,,tidyverse,https://style.tidyverse.org/,,
JEFworks Lab style guide,A style guide developed by JEFworks Lab.,Style Guides,Learning Resource,JEFworks Lab,,,http://jef.works/R-style-guide/,,
RStudio Projects and Working Directories: A Beginner's Guide,A guide to working with RStudio projects. ,Workflow,Learning Resource,Martin Chan,,,https://martinctc.github.io/blog/rstudio-projects-and-working-directories-a-beginner's-guide/,,
Project-oriented workflow,This article explains the value of using RStudio projects to make your work reproducible.,Workflow,Learning Resource,Jenny Bryan,,,https://www.tidyverse.org/blog/2017/12/workflow-vs-script/,,
Efficient R Programming,"""There are many excellent R resources for visualization, data science, and package development. Hundreds of scattered vignettes, web pages, and forums explain how to use R in particular domains. But little has been written on how to simply make R work effectively—until now. This hands-on book teaches novices and experienced R users how to write efficient R code. Drawing on years of experience teaching R courses, authors Colin Gillespie and Robin Lovelace provide practical advice on a range of topics—from optimizing the set-up of RStudio to leveraging C++—that make this book a useful addition to any R user’s bookshelf.""",Workflow,Learning Resource,"Colin Gillespie,Robin Lovelace",,,https://csgillespie.github.io/efficientR/,https://csgillespie.github.io/efficientR/figures/f0_web.png,
How Do You Organise Your R Project? This Is What We Do.,"""The Biometrics group at Telethon Kids Institute uses a standardised template project directory to manage our biostatistical consultation projects. This approach allows us to streamline our workflow, initiate projects, and produce professional looking reports directly from the statistical analysis platform minimising the time spent on the non-analytical aspects of our projects. This project structure is identical and successful for both simple and large-scale projects.""",Workflow,Learning Resource,Paul Stevenson,,,https://telethonkids.wordpress.com/2019/07/24/how-do-you-organise-your-r-project-this-is-what-we-do/,,
R Best Practices,"""When learning to write code for research projects, it can be overwhelming to figure out how to set-up a project and the novice programmer may not yet have the experience necessary to forsee potential pitfalls of a given, seemingly inconsequential decision. This post provides a discussion of best practices for developing code-based projects and for writing R code in a research setting with an eye toward proactively avoiding common pitfalls.""",Workflow,Learning Resource,Krista DeStasio,,,https://kdestasio.github.io/post/r_best_practices/,,